{
  "backend": "ibm_sherbrooke",
  "timestamp": "20250716_200853",
  "n_qubits": 6,
  "per_qubit_calib": [
    [
      4.593622205965041e-09,
      2.895992789447687e-09,
      0.006591796875
    ],
    [
      3.3185498125222756e-09,
      3.343512331525487e-09,
      0.107666015625
    ],
    [
      2.525054879965222e-09,
      2.3810479985490023e-09,
      0.128662109375
    ],
    [
      3.468391349223837e-09,
      3.6676018707593608e-09,
      0.028076171875
    ],
    [
      2.9332813318953673e-09,
      4.9110588727425855e-09,
      0.02587890625
    ],
    [
      1.256289881863941e-09,
      1.2842084745744439e-09,
      0.059814453125
    ]
  ],
  "per_gate_errors": {
    "rx_0": 0.0,
    "rx_1": 0.0,
    "rx_2": 0.0,
    "rx_3": 0.0,
    "rx_4": 0.0,
    "rx_5": 0.0,
    "ry_0": 0.0,
    "ry_1": 0.0,
    "ry_2": 0.0,
    "ry_3": 0.0,
    "ry_4": 0.0,
    "ry_5": 0.0,
    "rz_0": 0,
    "rz_1": 0,
    "rz_2": 0,
    "rz_3": 0,
    "rz_4": 0,
    "rz_5": 0,
    "h_0": 0.0,
    "h_1": 0.0,
    "h_2": 0.0,
    "h_3": 0.0,
    "h_4": 0.0,
    "h_5": 0.0,
    "x_0": 0.0005856110532362867,
    "x_1": 0.000168569172903567,
    "x_2": 0.0001786466555862112,
    "x_3": 0.0002156636203954458,
    "x_4": 0.00020407140504812626,
    "x_5": 0.0007724126968843138,
    "y_0": 0.0,
    "y_1": 0.0,
    "y_2": 0.0,
    "y_3": 0.0,
    "y_4": 0.0,
    "y_5": 0.0,
    "z_0": 0.0,
    "z_1": 0.0,
    "z_2": 0.0,
    "z_3": 0.0,
    "z_4": 0.0,
    "z_5": 0.0,
    "cx_0_1": 0.0,
    "cx_0_2": 0.0,
    "cx_0_3": 0.0,
    "cx_0_4": 0.0,
    "cx_0_5": 0.0,
    "cx_1_0": 0.0,
    "cx_1_2": 0.0,
    "cx_1_3": 0.0,
    "cx_1_4": 0.0,
    "cx_1_5": 0.0,
    "cx_2_0": 0.0,
    "cx_2_1": 0.0,
    "cx_2_3": 0.0,
    "cx_2_4": 0.0,
    "cx_2_5": 0.0,
    "cx_3_0": 0.0,
    "cx_3_1": 0.0,
    "cx_3_2": 0.0,
    "cx_3_4": 0.0,
    "cx_3_5": 0.0,
    "cx_4_0": 0.0,
    "cx_4_1": 0.0,
    "cx_4_2": 0.0,
    "cx_4_3": 0.0,
    "cx_4_5": 0.0,
    "cx_5_0": 0.0,
    "cx_5_1": 0.0,
    "cx_5_2": 0.0,
    "cx_5_3": 0.0,
    "cx_5_4": 0.0
  }
}