{
  "backend": "ibm_sherbrooke",
  "timestamp": "20250714_212038",
  "n_qubits": 2,
  "per_qubit_calib": [
    [
      2.3640694949291623e-09,
      1.896169001893111e-09,
      0.0068359375
    ],
    [
      2.9821123963192002e-09,
      3.726550936091307e-09,
      0.091552734375
    ]
  ],
  "per_gate_errors": {
    "rx_0": 0.0,
    "rx_1": 0.0,
    "ry_0": 0.0,
    "ry_1": 0.0,
    "rz_0": 0,
    "rz_1": 0,
    "h_0": 0.0,
    "h_1": 0.0,
    "x_0": 0.000147737477748455,
    "x_1": 0.00016756088703753083,
    "y_0": 0.0,
    "y_1": 0.0,
    "z_0": 0.0,
    "z_1": 0.0,
    "cx_0_1": 0.0,
    "cx_1_0": 0.0
  }
}