{
  "backend": "ibm_sherbrooke",
  "timestamp": "20250715_020422",
  "n_qubits": 4,
  "per_qubit_calib": [
    [
      2.3640694949291623e-09,
      1.896169001893111e-09,
      0.0068359375
    ],
    [
      2.9821123963192002e-09,
      3.726550936091307e-09,
      0.091552734375
    ],
    [
      1.605436810284081e-09,
      2.0116725594741172e-09,
      0.13134765625
    ],
    [
      3.4942915842735335e-09,
      4.017984052181221e-09,
      0.033447265625
    ]
  ],
  "per_gate_errors": {
    "rx_0": 0.0,
    "rx_1": 0.0,
    "rx_2": 0.0,
    "rx_3": 0.0,
    "ry_0": 0.0,
    "ry_1": 0.0,
    "ry_2": 0.0,
    "ry_3": 0.0,
    "rz_0": 0,
    "rz_1": 0,
    "rz_2": 0,
    "rz_3": 0,
    "h_0": 0.0,
    "h_1": 0.0,
    "h_2": 0.0,
    "h_3": 0.0,
    "x_0": 0.000147737477748455,
    "x_1": 0.00016756088703753083,
    "x_2": 0.00029104230335464624,
    "x_3": 0.0002088670896961385,
    "y_0": 0.0,
    "y_1": 0.0,
    "y_2": 0.0,
    "y_3": 0.0,
    "z_0": 0.0,
    "z_1": 0.0,
    "z_2": 0.0,
    "z_3": 0.0,
    "cx_0_1": 0.0,
    "cx_0_2": 0.0,
    "cx_0_3": 0.0,
    "cx_1_0": 0.0,
    "cx_1_2": 0.0,
    "cx_1_3": 0.0,
    "cx_2_0": 0.0,
    "cx_2_1": 0.0,
    "cx_2_3": 0.0,
    "cx_3_0": 0.0,
    "cx_3_1": 0.0,
    "cx_3_2": 0.0
  }
}