{
  "backend": "ibm_sherbrooke",
  "timestamp": "20250715_124747",
  "n_qubits": 5,
  "per_qubit_calib": [
    [
      3.959535208747541e-09,
      2.7618016393220246e-09,
      0.0087890625
    ],
    [
      2.8238956270036084e-09,
      2.5953755149049224e-09,
      0.091064453125
    ],
    [
      2.380256222438853e-09,
      2.6873831537795893e-09,
      0.13525390625
    ],
    [
      2.973787804680459e-09,
      2.5091904757217224e-09,
      0.027587890625
    ],
    [
      2.5762186318102437e-09,
      4.293997058636737e-09,
      0.02392578125
    ]
  ],
  "per_gate_errors": {
    "rx_0": 0.0,
    "rx_1": 0.0,
    "rx_2": 0.0,
    "rx_3": 0.0,
    "rx_4": 0.0,
    "ry_0": 0.0,
    "ry_1": 0.0,
    "ry_2": 0.0,
    "ry_3": 0.0,
    "ry_4": 0.0,
    "rz_0": 0,
    "rz_1": 0,
    "rz_2": 0,
    "rz_3": 0,
    "rz_4": 0,
    "h_0": 0.0,
    "h_1": 0.0,
    "h_2": 0.0,
    "h_3": 0.0,
    "h_4": 0.0,
    "x_0": 9.987401982054362e-05,
    "x_1": 0.0002700665491396226,
    "x_2": 0.00016095605266436833,
    "x_3": 0.00019522501442008816,
    "x_4": 0.00020361230940330776,
    "y_0": 0.0,
    "y_1": 0.0,
    "y_2": 0.0,
    "y_3": 0.0,
    "y_4": 0.0,
    "z_0": 0.0,
    "z_1": 0.0,
    "z_2": 0.0,
    "z_3": 0.0,
    "z_4": 0.0,
    "cx_0_1": 0.0,
    "cx_0_2": 0.0,
    "cx_0_3": 0.0,
    "cx_0_4": 0.0,
    "cx_1_0": 0.0,
    "cx_1_2": 0.0,
    "cx_1_3": 0.0,
    "cx_1_4": 0.0,
    "cx_2_0": 0.0,
    "cx_2_1": 0.0,
    "cx_2_3": 0.0,
    "cx_2_4": 0.0,
    "cx_3_0": 0.0,
    "cx_3_1": 0.0,
    "cx_3_2": 0.0,
    "cx_3_4": 0.0,
    "cx_4_0": 0.0,
    "cx_4_1": 0.0,
    "cx_4_2": 0.0,
    "cx_4_3": 0.0
  }
}